timestamp,id_equipo,t_ambiente_C,t_interior_C,delta_t_cond_C,eta_compresor,cop,temp_descarga_C,trabajo_kW,calor_extraido_kW,calidad_evap,estado
2025-12-19 11:39:45,CAMARA_01_CARNES,11.3,-17.9,15.0,0.748,3.49,44.3,5.203,18.166,0.284,NORMAL
2025-12-19 11:39:45,CAMARA_02_LACTEOS,11.3,4.0,15.0,0.741,8.22,34.1,1.602,13.161,0.159,NORMAL
2025-12-19 11:39:45,CAMARA_03_VERDURAS,11.3,3.9,15.0,0.747,8.28,33.9,1.589,13.161,0.159,NORMAL
2025-12-19 12:39:45,CAMARA_01_CARNES,9.7,-18.3,15.0,0.732,3.58,43.2,5.145,18.44,0.274,NORMAL
2025-12-19 12:39:45,CAMARA_02_LACTEOS,9.7,4.3,16.5,0.726,8.12,34.3,1.624,13.178,0.158,NORMAL
2025-12-19 12:39:45,CAMARA_03_VERDURAS,9.7,3.9,15.0,0.752,9.06,31.7,1.473,13.344,0.147,NORMAL
2025-12-19 13:39:45,CAMARA_01_CARNES,14.4,-17.8,15.0,0.721,3.08,49.8,5.718,17.632,0.305,NORMAL
2025-12-19 13:39:45,CAMARA_02_LACTEOS,14.4,3.8,15.0,0.766,7.33,37.3,1.747,12.805,0.181,NORMAL
2025-12-19 13:39:45,CAMARA_03_VERDURAS,14.4,4.2,15.0,0.721,6.9,38.6,1.857,12.805,0.181,NORMAL
2025-12-19 14:39:45,CAMARA_01_CARNES,11.7,-18.1,20.6,0.769,3.04,50.3,5.635,17.135,0.325,ADVERTENCIA
2025-12-19 14:39:45,CAMARA_02_LACTEOS,11.7,4.3,15.0,0.741,8.06,34.6,1.628,13.116,0.162,NORMAL
2025-12-19 14:39:45,CAMARA_03_VERDURAS,11.7,4.3,15.0,0.728,7.91,34.9,1.657,13.116,0.162,NORMAL
2025-12-19 15:39:45,CAMARA_01_CARNES,13.6,-17.7,15.0,0.738,3.23,47.7,5.506,17.77,0.3,NORMAL
2025-12-19 15:39:45,CAMARA_02_LACTEOS,13.6,3.7,17.1,0.721,6.51,40.3,1.945,12.651,0.191,NORMAL
2025-12-19 15:39:45,CAMARA_03_VERDURAS,13.6,4.4,15.0,0.763,7.57,36.4,1.704,12.897,0.175,NORMAL
2025-12-19 16:39:45,CAMARA_01_CARNES,12.9,-17.7,15.0,0.727,3.25,47.5,5.513,17.891,0.295,NORMAL
2025-12-19 16:39:45,CAMARA_02_LACTEOS,12.9,3.8,15.0,0.756,7.76,35.7,1.673,12.978,0.17,NORMAL
2025-12-19 16:39:45,CAMARA_03_VERDURAS,12.9,4.4,15.0,0.743,7.62,36.0,1.702,12.978,0.17,NORMAL
2025-12-19 17:39:45,CAMARA_01_CARNES,13.9,-18.2,15.0,0.744,3.23,47.7,5.49,17.718,0.302,NORMAL
2025-12-19 17:39:45,CAMARA_02_LACTEOS,13.9,3.8,15.0,0.752,7.36,37.1,1.748,12.863,0.178,NORMAL
2025-12-19 17:39:45,CAMARA_03_VERDURAS,13.9,4.5,15.0,0.744,7.28,37.3,1.767,12.863,0.178,NORMAL
2025-12-19 18:39:45,CAMARA_01_CARNES,13.6,-18.2,17.7,0.741,3.0,50.9,5.756,17.296,0.319,NORMAL
2025-12-19 18:39:45,CAMARA_02_LACTEOS,13.6,3.8,15.0,0.768,7.62,36.3,1.693,12.897,0.175,NORMAL
2025-12-19 18:39:45,CAMARA_03_VERDURAS,13.6,4.4,15.0,0.751,7.45,36.7,1.731,12.897,0.175,NORMAL
2025-12-19 19:39:45,CAMARA_01_CARNES,14.9,-18.1,16.8,0.756,3.04,50.4,5.676,17.234,0.321,NORMAL
2025-12-19 19:39:45,CAMARA_02_LACTEOS,14.9,3.8,22.1,0.742,5.22,47.4,2.282,11.923,0.238,ADVERTENCIA
2025-12-19 19:39:45,CAMARA_03_VERDURAS,14.9,3.8,15.0,0.747,6.99,38.5,1.824,12.747,0.185,NORMAL
2025-12-19 20:39:45,CAMARA_01_CARNES,13.6,-18.5,15.0,0.73,3.19,48.2,5.566,17.77,0.3,NORMAL
2025-12-19 20:39:45,CAMARA_02_LACTEOS,13.6,4.3,15.0,0.758,7.52,36.5,1.714,12.897,0.175,NORMAL
2025-12-19 20:39:45,CAMARA_03_VERDURAS,13.6,4.5,17.6,0.736,6.5,40.5,1.937,12.593,0.195,NORMAL
2025-12-19 21:39:45,CAMARA_01_CARNES,13.1,-17.7,15.0,0.756,3.35,46.0,5.325,17.857,0.297,NORMAL
2025-12-19 21:39:45,CAMARA_02_LACTEOS,13.1,3.6,15.0,0.733,7.45,36.6,1.739,12.955,0.172,NORMAL
2025-12-19 21:39:45,CAMARA_03_VERDURAS,13.1,4.5,15.0,0.74,7.52,36.4,1.723,12.955,0.172,NORMAL
2025-12-19 22:39:45,CAMARA_01_CARNES,9.9,-18.3,15.0,0.749,3.64,42.5,5.053,18.406,0.275,NORMAL
2025-12-19 22:39:45,CAMARA_02_LACTEOS,9.9,4.1,15.0,0.744,8.87,32.2,1.502,13.321,0.148,NORMAL
2025-12-19 22:39:45,CAMARA_03_VERDURAS,9.9,4.4,15.0,0.76,9.06,31.8,1.47,13.321,0.148,NORMAL
2025-12-19 23:39:45,CAMARA_01_CARNES,12.0,-17.6,15.0,0.732,3.35,46.1,5.384,18.046,0.289,NORMAL
2025-12-19 23:39:45,CAMARA_02_LACTEOS,12.0,3.6,15.0,0.734,7.86,35.2,1.664,13.081,0.164,NORMAL
2025-12-19 23:39:45,CAMARA_03_VERDURAS,12.0,4.1,15.0,0.727,7.79,35.4,1.68,13.081,0.164,NORMAL
2025-12-20 00:39:45,CAMARA_01_CARNES,6.6,-18.1,15.0,0.744,4.0,38.6,4.743,18.968,0.253,NORMAL
2025-12-20 00:39:45,CAMARA_02_LACTEOS,6.6,4.2,15.0,0.743,10.69,28.0,1.281,13.696,0.124,NORMAL
2025-12-20 00:39:45,CAMARA_03_VERDURAS,6.6,3.9,19.8,0.737,8.15,34.3,1.615,13.155,0.159,NORMAL
2025-12-20 01:39:45,CAMARA_01_CARNES,10.7,-17.9,15.0,0.742,3.53,43.8,5.179,18.269,0.28,NORMAL
2025-12-20 01:39:45,CAMARA_02_LACTEOS,10.7,3.6,15.0,0.72,8.23,33.9,1.607,13.23,0.154,NORMAL
2025-12-20 01:39:45,CAMARA_03_VERDURAS,10.7,4.0,15.0,0.726,8.3,33.7,1.594,13.23,0.154,NORMAL
2025-12-20 02:39:45,CAMARA_01_CARNES,9.4,-17.7,16.9,0.724,3.38,45.7,5.371,18.173,0.284,NORMAL
2025-12-20 02:39:45,CAMARA_02_LACTEOS,9.4,4.0,17.9,0.727,7.68,35.7,1.7,13.048,0.166,NORMAL
2025-12-20 02:39:45,CAMARA_03_VERDURAS,9.4,3.9,15.0,0.769,9.41,31.0,1.421,13.378,0.145,NORMAL
2025-12-20 03:39:45,CAMARA_01_CARNES,11.3,-18.0,15.0,0.764,3.57,43.4,5.094,18.166,0.284,NORMAL
2025-12-20 03:39:45,CAMARA_02_LACTEOS,11.3,4.3,19.9,0.746,6.6,40.1,1.909,12.598,0.195,NORMAL
2025-12-20 03:39:45,CAMARA_03_VERDURAS,11.3,4.1,15.0,0.76,8.43,33.6,1.561,13.161,0.159,NORMAL
2025-12-20 04:39:45,CAMARA_01_CARNES,9.6,-18.0,15.0,0.751,3.69,41.9,5.004,18.457,0.273,NORMAL
2025-12-20 04:39:45,CAMARA_02_LACTEOS,9.6,3.7,15.0,0.762,9.23,31.4,1.447,13.355,0.146,NORMAL
2025-12-20 04:39:45,CAMARA_03_VERDURAS,9.6,4.0,16.7,0.767,8.51,33.4,1.547,13.161,0.159,NORMAL
2025-12-20 05:39:45,CAMARA_01_CARNES,8.5,-18.5,15.0,0.75,3.8,40.6,4.902,18.645,0.266,NORMAL
2025-12-20 05:39:45,CAMARA_02_LACTEOS,8.5,4.2,15.0,0.757,9.75,30.1,1.383,13.481,0.138,NORMAL
2025-12-20 05:39:45,CAMARA_03_VERDURAS,8.5,3.6,15.0,0.767,9.87,29.9,1.366,13.481,0.138,NORMAL
2025-12-20 06:39:45,CAMARA_01_CARNES,9.8,-17.9,15.0,0.766,3.74,41.4,4.929,18.423,0.274,NORMAL
2025-12-20 06:39:45,CAMARA_02_LACTEOS,9.8,4.4,15.0,0.749,8.98,31.9,1.485,13.333,0.148,NORMAL
2025-12-20 06:39:45,CAMARA_03_VERDURAS,9.8,4.4,15.0,0.761,9.12,31.7,1.463,13.333,0.148,NORMAL
2025-12-20 07:39:45,CAMARA_01_CARNES,10.8,-18.0,15.0,0.734,3.48,44.4,5.246,18.252,0.281,NORMAL
2025-12-20 07:39:45,CAMARA_02_LACTEOS,10.8,4.4,15.0,0.73,8.3,33.7,1.592,13.219,0.155,NORMAL
2025-12-20 07:39:45,CAMARA_03_VERDURAS,10.8,4.0,15.0,0.732,8.32,33.7,1.588,13.219,0.155,NORMAL
2025-12-20 08:39:45,CAMARA_01_CARNES,11.0,-18.0,15.0,0.724,3.41,45.3,5.344,18.218,0.282,NORMAL
2025-12-20 08:39:45,CAMARA_02_LACTEOS,11.0,4.4,16.2,0.727,7.71,35.6,1.694,13.057,0.165,NORMAL
2025-12-20 08:39:45,CAMARA_03_VERDURAS,11.0,4.0,15.0,0.732,8.25,33.9,1.6,13.196,0.156,NORMAL
2025-12-20 09:39:45,CAMARA_01_CARNES,10.3,-17.9,15.0,0.769,3.7,41.8,4.957,18.338,0.278,NORMAL
2025-12-20 09:39:45,CAMARA_02_LACTEOS,10.3,3.9,15.0,0.752,8.78,32.5,1.512,13.276,0.151,NORMAL
2025-12-20 09:39:45,CAMARA_03_VERDURAS,10.3,4.3,15.0,0.745,8.7,32.7,1.526,13.276,0.151,NORMAL
2025-12-20 10:39:45,CAMARA_01_CARNES,12.2,-18.0,15.0,0.757,3.45,44.8,5.226,18.012,0.291,NORMAL
2025-12-20 10:39:45,CAMARA_02_LACTEOS,12.2,4.4,15.0,0.751,7.97,34.9,1.639,13.058,0.165,NORMAL
2025-12-20 10:39:45,CAMARA_03_VERDURAS,12.2,4.2,15.0,0.73,7.75,35.5,1.686,13.058,0.165,NORMAL
2025-12-20 11:39:45,CAMARA_01_CARNES,12.3,-18.4,15.0,0.757,3.43,45.0,5.239,17.994,0.291,NORMAL
2025-12-20 11:39:45,CAMARA_02_LACTEOS,12.3,4.3,15.0,0.731,7.72,35.6,1.691,13.047,0.166,NORMAL
2025-12-20 11:39:45,CAMARA_03_VERDURAS,12.3,4.3,15.0,0.722,7.62,35.9,1.712,13.047,0.166,NORMAL
2025-12-20 12:39:45,CAMARA_01_CARNES,13.1,-18.3,15.0,0.769,3.41,45.3,5.237,17.857,0.297,NORMAL
2025-12-20 12:39:45,CAMARA_02_LACTEOS,13.1,4.4,15.0,0.729,7.41,36.7,1.748,12.955,0.172,NORMAL
2025-12-20 12:39:45,CAMARA_03_VERDURAS,13.1,3.7,15.0,0.755,7.67,36.0,1.688,12.955,0.172,NORMAL
2025-12-20 13:39:45,CAMARA_01_CARNES,11.9,-17.8,15.0,0.741,3.4,45.4,5.314,18.063,0.288,NORMAL
2025-12-20 13:39:45,CAMARA_02_LACTEOS,11.9,4.4,15.0,0.748,8.05,34.6,1.626,13.093,0.163,NORMAL
2025-12-20 13:39:45,CAMARA_03_VERDURAS,11.9,4.1,16.1,0.762,7.76,35.7,1.669,12.961,0.171,NORMAL
2025-12-20 14:39:45,CAMARA_01_CARNES,12.1,-18.4,16.6,0.741,3.23,47.7,5.495,17.748,0.301,NORMAL
2025-12-20 14:39:45,CAMARA_02_LACTEOS,12.1,3.8,15.0,0.748,7.97,34.9,1.64,13.07,0.164,NORMAL
2025-12-20 14:39:45,CAMARA_03_VERDURAS,12.1,3.6,15.0,0.733,7.81,35.3,1.672,13.07,0.164,NORMAL
2025-12-20 15:39:45,CAMARA_01_CARNES,14.8,-17.8,15.0,0.763,3.23,47.7,5.439,17.563,0.308,NORMAL
2025-12-20 15:39:45,CAMARA_02_LACTEOS,14.8,4.2,15.0,0.73,6.86,38.9,1.86,12.759,0.184,NORMAL
2025-12-20 15:39:45,CAMARA_03_VERDURAS,14.8,4.0,16.8,0.761,6.61,40.2,1.899,12.546,0.198,NORMAL
2025-12-20 16:39:45,CAMARA_01_CARNES,15.0,-17.6,15.0,0.724,3.04,50.4,5.759,17.528,0.31,NORMAL
2025-12-20 16:39:45,CAMARA_02_LACTEOS,15.0,3.8,15.0,0.769,7.17,38.0,1.777,12.736,0.186,NORMAL
2025-12-20 16:39:45,CAMARA_03_VERDURAS,15.0,4.3,18.1,0.744,6.07,42.6,2.038,12.371,0.209,NORMAL
2025-12-20 17:39:45,CAMARA_01_CARNES,16.3,-17.5,15.0,0.758,3.07,49.8,5.627,17.302,0.318,NORMAL
2025-12-20 17:39:45,CAMARA_02_LACTEOS,16.3,4.1,15.0,0.751,6.62,40.1,1.902,12.585,0.195,NORMAL
2025-12-20 17:39:45,CAMARA_03_VERDURAS,16.3,4.1,17.3,0.74,5.93,43.3,2.078,12.318,0.213,NORMAL
2025-12-20 18:39:45,CAMARA_01_CARNES,13.4,-18.4,15.0,0.755,3.32,46.5,5.364,17.805,0.299,NORMAL
2025-12-20 18:39:45,CAMARA_02_LACTEOS,13.4,4.1,17.6,0.765,6.83,39.3,1.849,12.621,0.193,NORMAL
2025-12-20 18:39:45,CAMARA_03_VERDURAS,13.4,4.4,17.5,0.761,6.82,39.3,1.853,12.632,0.192,NORMAL
2025-12-20 19:39:45,CAMARA_01_CARNES,14.5,-17.8,15.0,0.75,3.2,48.1,5.509,17.615,0.306,NORMAL
2025-12-20 19:39:45,CAMARA_02_LACTEOS,14.5,3.8,17.7,0.729,6.18,41.9,2.02,12.482,0.202,NORMAL
2025-12-20 19:39:45,CAMARA_03_VERDURAS,14.5,3.8,15.0,0.722,6.88,38.7,1.859,12.794,0.182,NORMAL
2025-12-20 20:39:45,CAMARA_01_CARNES,12.6,-17.6,15.0,0.729,3.28,47.0,5.469,17.943,0.293,NORMAL
2025-12-20 20:39:45,CAMARA_02_LACTEOS,12.6,4.3,15.0,0.728,7.58,36.1,1.717,13.012,0.168,NORMAL
2025-12-20 20:39:45,CAMARA_03_VERDURAS,12.6,3.9,15.0,0.754,7.84,35.4,1.66,13.012,0.168,NORMAL
2025-12-20 21:39:45,CAMARA_01_CARNES,11.7,-17.8,15.0,0.76,3.51,44.1,5.161,18.098,0.287,NORMAL
2025-12-20 21:39:45,CAMARA_02_LACTEOS,11.7,3.6,15.0,0.763,8.29,34.0,1.582,13.116,0.162,NORMAL
2025-12-20 21:39:45,CAMARA_03_VERDURAS,11.7,4.2,15.0,0.731,7.95,34.9,1.651,13.116,0.162,NORMAL
2025-12-20 22:39:45,CAMARA_01_CARNES,13.2,-17.7,16.7,0.75,3.16,48.6,5.544,17.544,0.309,NORMAL
2025-12-20 22:39:45,CAMARA_02_LACTEOS,13.2,4.2,17.1,0.734,6.74,39.4,1.884,12.697,0.188,NORMAL
2025-12-20 22:39:45,CAMARA_03_VERDURAS,13.2,4.4,15.0,0.757,7.65,36.0,1.691,12.943,0.173,NORMAL
2025-12-20 23:39:45,CAMARA_01_CARNES,12.6,-17.5,15.0,0.745,3.35,46.0,5.353,17.943,0.293,NORMAL
2025-12-20 23:39:45,CAMARA_02_LACTEOS,12.6,3.8,15.0,0.764,7.95,35.1,1.638,13.012,0.168,NORMAL
2025-12-20 23:39:45,CAMARA_03_VERDURAS,12.6,3.6,15.0,0.734,7.64,35.9,1.704,13.012,0.168,NORMAL
2025-12-21 00:39:45,CAMARA_01_CARNES,10.8,-18.2,15.0,0.724,3.43,45.0,5.319,18.252,0.281,NORMAL
2025-12-21 00:39:45,CAMARA_02_LACTEOS,10.8,4.2,15.0,0.743,8.45,33.4,1.564,13.219,0.155,NORMAL
2025-12-21 00:39:45,CAMARA_03_VERDURAS,10.8,3.9,15.0,0.735,8.35,33.6,1.582,13.219,0.155,NORMAL
2025-12-21 01:39:45,CAMARA_01_CARNES,7.6,-17.7,15.0,0.768,4.01,38.5,4.691,18.798,0.26,NORMAL
2025-12-21 01:39:45,CAMARA_02_LACTEOS,7.6,4.5,16.7,0.73,8.97,31.8,1.492,13.386,0.144,NORMAL
2025-12-21 01:39:45,CAMARA_03_VERDURAS,7.6,4.0,16.6,0.72,8.92,31.9,1.502,13.403,0.143,NORMAL
2025-12-21 02:39:45,CAMARA_01_CARNES,11.3,-18.3,15.0,0.729,3.41,45.4,5.334,18.166,0.284,NORMAL
2025-12-21 02:39:45,CAMARA_02_LACTEOS,11.3,3.6,15.0,0.757,8.39,33.7,1.568,13.161,0.159,NORMAL
2025-12-21 02:39:45,CAMARA_03_VERDURAS,11.3,4.1,15.0,0.725,8.04,34.5,1.636,13.161,0.159,NORMAL
2025-12-21 03:39:45,CAMARA_01_CARNES,12.7,-17.7,17.9,0.769,3.18,48.3,5.477,17.416,0.314,NORMAL
2025-12-21 03:39:45,CAMARA_02_LACTEOS,12.7,3.5,15.0,0.729,7.54,36.2,1.723,13.001,0.169,NORMAL
2025-12-21 03:39:45,CAMARA_03_VERDURAS,12.7,3.8,15.0,0.725,7.51,36.3,1.732,13.001,0.169,NORMAL
2025-12-21 04:39:45,CAMARA_01_CARNES,12.3,-17.9,16.6,0.724,3.14,49.0,5.645,17.716,0.302,NORMAL
2025-12-21 04:39:45,CAMARA_02_LACTEOS,12.3,3.7,15.0,0.723,7.64,35.8,1.709,13.047,0.166,NORMAL
2025-12-21 04:39:45,CAMARA_03_VERDURAS,12.3,3.5,15.0,0.726,7.66,35.8,1.702,13.047,0.166,NORMAL
2025-12-21 05:39:45,CAMARA_01_CARNES,8.8,-18.5,15.0,0.726,3.65,42.4,5.095,18.594,0.268,NORMAL
2025-12-21 05:39:45,CAMARA_02_LACTEOS,8.8,4.4,15.0,0.745,9.43,30.7,1.425,13.446,0.14,NORMAL
2025-12-21 05:39:45,CAMARA_03_VERDURAS,8.8,3.7,15.0,0.749,9.48,30.7,1.419,13.446,0.14,NORMAL
2025-12-21 06:39:45,CAMARA_01_CARNES,9.7,-18.3,15.0,0.722,3.53,43.8,5.22,18.44,0.274,NORMAL
2025-12-21 06:39:45,CAMARA_02_LACTEOS,9.7,3.9,15.0,0.754,9.08,31.7,1.47,13.344,0.147,NORMAL
2025-12-21 06:39:45,CAMARA_03_VERDURAS,9.7,4.4,15.0,0.757,9.12,31.6,1.463,13.344,0.147,NORMAL
2025-12-21 07:39:45,CAMARA_01_CARNES,10.6,-17.8,15.0,0.767,3.66,42.3,5.002,18.286,0.28,NORMAL
2025-12-21 07:39:45,CAMARA_02_LACTEOS,10.6,4.2,15.0,0.741,8.51,33.2,1.556,13.241,0.153,NORMAL
2025-12-21 07:39:45,CAMARA_03_VERDURAS,10.6,4.3,15.0,0.75,8.62,32.9,1.536,13.241,0.153,NORMAL
2025-12-21 08:39:45,CAMARA_01_CARNES,11.2,-18.1,16.2,0.744,3.37,45.8,5.337,17.983,0.292,NORMAL
2025-12-21 08:39:45,CAMARA_02_LACTEOS,11.2,3.8,15.0,0.756,8.42,33.6,1.564,13.173,0.158,NORMAL
2025-12-21 08:39:45,CAMARA_03_VERDURAS,11.2,4.3,15.0,0.738,8.23,34.0,1.601,13.173,0.158,NORMAL
2025-12-21 09:39:45,CAMARA_01_CARNES,13.1,-17.6,15.0,0.751,3.33,46.3,5.36,17.857,0.297,NORMAL
2025-12-21 09:39:45,CAMARA_02_LACTEOS,13.1,4.4,16.8,0.746,6.98,38.5,1.826,12.746,0.185,NORMAL
2025-12-21 09:39:45,CAMARA_03_VERDURAS,13.1,4.3,22.4,0.768,5.71,44.7,2.117,12.097,0.227,ADVERTENCIA
2025-12-21 10:39:45,CAMARA_01_CARNES,10.3,-18.2,15.0,0.728,3.5,44.2,5.236,18.338,0.278,NORMAL
2025-12-21 10:39:45,CAMARA_02_LACTEOS,10.3,3.9,15.0,0.769,8.97,32.1,1.48,13.276,0.151,NORMAL
2025-12-21 10:39:45,CAMARA_03_VERDURAS,10.3,3.5,15.0,0.731,8.53,33.0,1.556,13.276,0.151,NORMAL
2025-12-21 11:39:45,CAMARA_01_CARNES,12.8,-17.7,18.1,0.77,3.16,48.6,5.5,17.369,0.316,NORMAL
2025-12-21 11:39:45,CAMARA_02_LACTEOS,12.8,4.1,17.2,0.723,6.74,39.3,1.89,12.739,0.186,NORMAL
2025-12-21 11:39:45,CAMARA_03_VERDURAS,12.8,4.0,17.2,0.764,7.13,38.0,1.787,12.74,0.186,NORMAL
2025-12-21 12:39:45,CAMARA_01_CARNES,15.7,-18.3,17.2,0.729,2.84,53.6,6.002,17.025,0.329,NORMAL
2025-12-21 12:39:45,CAMARA_02_LACTEOS,15.7,3.7,15.0,0.722,6.52,40.3,1.941,12.655,0.191,NORMAL
2025-12-21 12:39:45,CAMARA_03_VERDURAS,15.7,4.0,15.0,0.75,6.77,39.4,1.868,12.655,0.191,NORMAL
2025-12-21 13:39:45,CAMARA_01_CARNES,13.9,-18.0,15.0,0.736,3.19,48.2,5.548,17.718,0.302,NORMAL
2025-12-21 13:39:45,CAMARA_02_LACTEOS,13.9,3.7,17.3,0.742,6.57,40.2,1.917,12.602,0.194,NORMAL
2025-12-21 13:39:45,CAMARA_03_VERDURAS,13.9,3.9,15.0,0.768,7.52,36.6,1.711,12.863,0.178,NORMAL
2025-12-21 14:39:45,CAMARA_01_CARNES,13.3,-18.0,15.0,0.752,3.32,46.5,5.375,17.822,0.298,NORMAL
2025-12-21 14:39:45,CAMARA_02_LACTEOS,13.3,4.4,15.0,0.729,7.33,37.0,1.763,12.932,0.173,NORMAL
2025-12-21 14:39:45,CAMARA_03_VERDURAS,13.3,3.6,15.0,0.739,7.43,36.7,1.739,12.932,0.173,NORMAL
2025-12-21 15:39:45,CAMARA_01_CARNES,14.5,-18.3,15.0,0.768,3.27,47.0,5.381,17.615,0.306,NORMAL
2025-12-21 15:39:45,CAMARA_02_LACTEOS,14.5,3.7,16.9,0.721,6.31,41.2,1.991,12.57,0.196,NORMAL
2025-12-21 15:39:45,CAMARA_03_VERDURAS,14.5,4.1,15.0,0.762,7.26,37.5,1.763,12.794,0.182,NORMAL
2025-12-21 16:39:45,CAMARA_01_CARNES,12.9,-18.3,15.0,0.726,3.24,47.6,5.52,17.891,0.295,NORMAL
2025-12-21 16:39:45,CAMARA_02_LACTEOS,12.9,3.9,15.0,0.768,7.88,35.4,1.648,12.978,0.17,NORMAL
2025-12-21 16:39:45,CAMARA_03_VERDURAS,12.9,3.5,15.0,0.749,7.68,35.9,1.689,12.978,0.17,NORMAL
2025-12-21 17:39:45,CAMARA_01_CARNES,14.3,-18.0,15.0,0.723,3.1,49.6,5.694,17.649,0.305,NORMAL
2025-12-21 17:39:45,CAMARA_02_LACTEOS,14.3,3.8,15.0,0.76,7.31,37.3,1.754,12.817,0.181,NORMAL
2025-12-21 17:39:45,CAMARA_03_VERDURAS,14.3,4.3,15.0,0.756,7.27,37.4,1.763,12.817,0.181,NORMAL
2025-12-21 18:39:45,CAMARA_01_CARNES,17.2,-18.2,15.0,0.732,2.9,52.5,5.912,17.145,0.325,NORMAL
2025-12-21 18:39:45,CAMARA_02_LACTEOS,17.2,4.5,15.0,0.736,6.24,41.7,2.001,12.48,0.202,NORMAL
2025-12-21 18:39:45,CAMARA_03_VERDURAS,17.2,4.2,15.0,0.727,6.16,42.0,2.026,12.48,0.202,NORMAL
2025-12-21 19:39:45,CAMARA_01_CARNES,12.3,-18.2,15.0,0.763,3.46,44.6,5.198,17.994,0.291,NORMAL
2025-12-21 19:39:45,CAMARA_02_LACTEOS,12.3,4.1,15.0,0.757,7.99,34.9,1.633,13.047,0.166,NORMAL
2025-12-21 19:39:45,CAMARA_03_VERDURAS,12.3,4.0,15.0,0.733,7.73,35.6,1.687,13.047,0.166,NORMAL
2025-12-21 20:39:45,CAMARA_01_CARNES,13.8,-17.6,15.0,0.763,3.32,46.4,5.343,17.736,0.301,NORMAL
2025-12-21 20:39:45,CAMARA_02_LACTEOS,13.8,3.7,15.0,0.768,7.55,36.5,1.704,12.874,0.177,NORMAL
2025-12-21 20:39:45,CAMARA_03_VERDURAS,13.8,3.8,15.0,0.729,7.17,37.6,1.795,12.874,0.177,NORMAL
2025-12-21 21:39:45,CAMARA_01_CARNES,12.8,-17.7,20.7,0.76,2.91,52.3,5.815,16.921,0.333,ADVERTENCIA
2025-12-21 21:39:45,CAMARA_02_LACTEOS,12.8,3.6,15.0,0.764,7.87,35.4,1.651,12.989,0.17,NORMAL
2025-12-21 21:39:45,CAMARA_03_VERDURAS,12.8,3.9,15.0,0.738,7.61,36.1,1.707,12.989,0.17,NORMAL
2025-12-21 22:39:45,CAMARA_01_CARNES,12.2,-17.8,17.7,0.764,3.23,47.7,5.438,17.552,0.309,NORMAL
2025-12-21 22:39:45,CAMARA_02_LACTEOS,12.2,3.6,15.0,0.74,7.85,35.3,1.664,13.058,0.165,NORMAL
2025-12-21 22:39:45,CAMARA_03_VERDURAS,12.2,3.8,15.0,0.73,7.75,35.5,1.686,13.058,0.165,NORMAL
2025-12-21 23:39:45,CAMARA_01_CARNES,12.1,-17.6,15.0,0.726,3.31,46.6,5.442,18.029,0.29,NORMAL
2025-12-21 23:39:45,CAMARA_02_LACTEOS,12.1,4.0,15.0,0.725,7.73,35.5,1.691,13.07,0.164,NORMAL
2025-12-21 23:39:45,CAMARA_03_VERDURAS,12.1,3.7,15.0,0.734,7.82,35.3,1.67,13.07,0.164,NORMAL
2025-12-22 00:39:45,CAMARA_01_CARNES,10.1,-17.7,15.0,0.76,3.67,42.1,5.0,18.372,0.276,NORMAL
2025-12-22 00:39:45,CAMARA_02_LACTEOS,10.1,4.1,15.0,0.73,8.61,32.8,1.545,13.298,0.15,NORMAL
2025-12-22 00:39:45,CAMARA_03_VERDURAS,10.1,4.3,15.0,0.727,8.57,32.9,1.551,13.298,0.15,NORMAL
2025-12-22 01:39:45,CAMARA_01_CARNES,10.5,-17.8,15.0,0.73,3.49,44.3,5.247,18.303,0.279,NORMAL
2025-12-22 01:39:45,CAMARA_02_LACTEOS,10.5,4.1,19.1,0.758,7.2,37.7,1.775,12.786,0.183,NORMAL
2025-12-22 01:39:45,CAMARA_03_VERDURAS,10.5,4.0,15.0,0.761,8.78,32.5,1.509,13.253,0.153,NORMAL
2025-12-22 02:39:45,CAMARA_01_CARNES,6.9,-18.5,15.0,0.723,3.85,40.1,4.913,18.917,0.255,NORMAL
2025-12-22 02:39:45,CAMARA_02_LACTEOS,6.9,4.4,16.1,0.762,10.09,29.4,1.342,13.536,0.135,NORMAL
2025-12-22 02:39:45,CAMARA_03_VERDURAS,6.9,4.0,15.0,0.72,10.18,28.9,1.342,13.662,0.127,NORMAL
2025-12-22 03:39:45,CAMARA_01_CARNES,13.5,-18.4,15.0,0.763,3.35,46.1,5.314,17.788,0.299,NORMAL
2025-12-22 03:39:45,CAMARA_02_LACTEOS,13.5,3.8,20.6,0.728,5.72,44.3,2.145,12.261,0.216,ADVERTENCIA
2025-12-22 03:39:45,CAMARA_03_VERDURAS,13.5,3.8,15.0,0.721,7.19,37.5,1.796,12.909,0.175,NORMAL
2025-12-22 04:39:45,CAMARA_01_CARNES,11.0,-17.6,15.0,0.743,3.5,44.2,5.207,18.218,0.282,NORMAL
2025-12-22 04:39:45,CAMARA_02_LACTEOS,11.0,3.6,15.0,0.73,8.22,34.0,1.605,13.196,0.156,NORMAL
2025-12-22 04:39:45,CAMARA_03_VERDURAS,11.0,4.1,15.0,0.766,8.63,33.0,1.529,13.196,0.156,NORMAL
2025-12-22 05:39:45,CAMARA_01_CARNES,9.9,-18.3,15.0,0.735,3.58,43.3,5.147,18.406,0.275,NORMAL
2025-12-22 05:39:45,CAMARA_02_LACTEOS,9.9,4.5,19.4,0.74,7.11,37.9,1.802,12.816,0.181,NORMAL
2025-12-22 05:39:45,CAMARA_03_VERDURAS,9.9,3.5,15.0,0.753,8.97,32.0,1.484,13.321,0.148,NORMAL
2025-12-22 06:39:45,CAMARA_01_CARNES,11.5,-18.3,15.0,0.729,3.39,45.6,5.353,18.132,0.286,NORMAL
2025-12-22 06:39:45,CAMARA_02_LACTEOS,11.5,3.6,18.7,0.756,6.98,38.6,1.82,12.715,0.187,NORMAL
2025-12-22 06:39:45,CAMARA_03_VERDURAS,11.5,3.8,15.0,0.763,8.37,33.8,1.57,13.139,0.16,NORMAL
2025-12-22 07:39:45,CAMARA_01_CARNES,12.2,-18.4,15.0,0.73,3.32,46.5,5.424,18.012,0.291,NORMAL
2025-12-22 07:39:45,CAMARA_02_LACTEOS,12.2,4.2,15.0,0.722,7.66,35.7,1.704,13.058,0.165,NORMAL
2025-12-22 07:39:45,CAMARA_03_VERDURAS,12.2,3.7,16.7,0.738,7.21,37.5,1.783,12.857,0.178,NORMAL
2025-12-22 08:39:45,CAMARA_01_CARNES,12.3,-18.2,16.5,0.722,3.15,48.9,5.641,17.743,0.301,NORMAL
2025-12-22 08:39:45,CAMARA_02_LACTEOS,12.3,3.8,15.0,0.752,7.93,35.1,1.644,13.047,0.166,NORMAL
2025-12-22 08:39:45,CAMARA_03_VERDURAS,12.3,4.1,15.0,0.74,7.81,35.4,1.67,13.047,0.166,NORMAL
2025-12-22 09:39:45,CAMARA_01_CARNES,10.4,-17.6,15.0,0.733,3.51,44.0,5.213,18.321,0.278,NORMAL
2025-12-22 09:39:45,CAMARA_02_LACTEOS,10.4,3.9,17.0,0.759,7.98,35.0,1.634,13.038,0.166,NORMAL
2025-12-22 09:39:45,CAMARA_03_VERDURAS,10.4,3.9,15.0,0.76,8.83,32.4,1.502,13.264,0.152,NORMAL
2025-12-22 10:39:45,CAMARA_01_CARNES,14.2,-17.8,15.0,0.766,3.29,46.8,5.364,17.666,0.304,NORMAL
2025-12-22 10:39:45,CAMARA_02_LACTEOS,14.2,3.8,15.0,0.76,7.33,37.2,1.749,12.828,0.18,NORMAL
2025-12-22 10:39:45,CAMARA_03_VERDURAS,14.2,4.1,20.3,0.74,5.71,44.5,2.138,12.209,0.219,ADVERTENCIA
2025-12-22 11:39:45,CAMARA_01_CARNES,8.9,-17.8,15.0,0.763,3.83,40.4,4.856,18.577,0.268,NORMAL
2025-12-22 11:39:45,CAMARA_02_LACTEOS,8.9,4.5,15.0,0.762,9.59,30.5,1.401,13.435,0.141,NORMAL
2025-12-22 11:39:45,CAMARA_03_VERDURAS,8.9,3.6,15.0,0.727,9.15,31.3,1.468,13.435,0.141,NORMAL
2025-12-22 12:39:45,CAMARA_01_CARNES,13.8,-17.8,21.1,0.755,2.78,54.3,5.992,16.67,0.343,ADVERTENCIA
2025-12-22 12:39:45,CAMARA_02_LACTEOS,13.8,4.4,15.0,0.735,7.23,37.4,1.78,12.874,0.177,NORMAL
2025-12-22 12:39:45,CAMARA_03_VERDURAS,13.8,3.6,22.3,0.758,5.5,45.9,2.186,12.018,0.232,ADVERTENCIA
2025-12-22 13:39:45,CAMARA_01_CARNES,12.4,-17.6,15.0,0.763,3.45,44.8,5.209,17.977,0.292,NORMAL
2025-12-22 13:39:45,CAMARA_02_LACTEOS,12.4,4.5,15.0,0.755,7.93,35.1,1.643,13.035,0.167,NORMAL
2025-12-22 13:39:45,CAMARA_03_VERDURAS,12.4,3.8,18.0,0.724,6.64,39.8,1.912,12.692,0.189,NORMAL
2025-12-22 14:39:45,CAMARA_01_CARNES,13.9,-18.4,15.0,0.748,3.25,47.5,5.459,17.718,0.302,NORMAL
2025-12-22 14:39:45,CAMARA_02_LACTEOS,13.9,3.7,15.0,0.758,7.42,36.9,1.733,12.863,0.178,NORMAL
2025-12-22 14:39:45,CAMARA_03_VERDURAS,13.9,3.9,15.0,0.745,7.29,37.3,1.763,12.863,0.178,NORMAL
2025-12-22 15:39:45,CAMARA_01_CARNES,14.1,-18.3,15.0,0.732,3.16,48.7,5.602,17.684,0.303,NORMAL
2025-12-22 15:39:45,CAMARA_02_LACTEOS,14.1,3.7,15.0,0.728,7.06,38.0,1.819,12.84,0.179,NORMAL
2025-12-22 15:39:45,CAMARA_03_VERDURAS,14.1,4.0,15.0,0.754,7.31,37.3,1.756,12.84,0.179,NORMAL
2025-12-22 16:39:45,CAMARA_01_CARNES,15.4,-17.6,15.0,0.738,3.07,50.0,5.688,17.458,0.312,NORMAL
2025-12-22 16:39:45,CAMARA_02_LACTEOS,15.4,3.8,15.0,0.754,6.9,38.9,1.838,12.689,0.189,NORMAL
2025-12-22 16:39:45,CAMARA_03_VERDURAS,15.4,4.0,16.1,0.744,6.5,40.5,1.933,12.563,0.197,NORMAL
2025-12-22 17:39:45,CAMARA_01_CARNES,13.0,-17.7,15.0,0.726,3.23,47.7,5.534,17.874,0.296,NORMAL
2025-12-22 17:39:45,CAMARA_02_LACTEOS,13.0,3.7,16.4,0.748,7.14,37.9,1.792,12.801,0.182,NORMAL
2025-12-22 17:39:45,CAMARA_03_VERDURAS,13.0,4.1,15.0,0.727,7.42,36.6,1.748,12.966,0.171,NORMAL
2025-12-22 18:39:45,CAMARA_01_CARNES,12.3,-17.5,17.7,0.726,3.05,50.3,5.743,17.527,0.31,NORMAL
2025-12-22 18:39:45,CAMARA_02_LACTEOS,12.3,4.3,18.0,0.72,6.63,39.8,1.917,12.703,0.188,NORMAL
2025-12-22 18:39:45,CAMARA_03_VERDURAS,12.3,4.4,15.0,0.746,7.87,35.2,1.657,13.047,0.166,NORMAL
2025-12-22 19:39:45,CAMARA_01_CARNES,12.6,-17.5,22.8,0.737,2.68,56.2,6.193,16.575,0.347,ADVERTENCIA
2025-12-22 19:39:45,CAMARA_02_LACTEOS,12.6,4.4,15.0,0.752,7.83,35.4,1.662,13.012,0.168,NORMAL
2025-12-22 19:39:45,CAMARA_03_VERDURAS,12.6,3.6,15.0,0.727,7.56,36.1,1.722,13.012,0.168,NORMAL
2025-12-22 20:39:45,CAMARA_01_CARNES,11.9,-17.8,15.0,0.765,3.51,44.0,5.143,18.063,0.288,NORMAL
2025-12-22 20:39:45,CAMARA_02_LACTEOS,11.9,3.7,15.0,0.731,7.87,35.1,1.664,13.093,0.163,NORMAL
2025-12-22 20:39:45,CAMARA_03_VERDURAS,11.9,3.6,15.0,0.735,7.91,35.0,1.656,13.093,0.163,NORMAL
2025-12-22 21:39:45,CAMARA_01_CARNES,11.5,-18.2,15.0,0.759,3.52,43.9,5.144,18.132,0.286,NORMAL
2025-12-22 21:39:45,CAMARA_02_LACTEOS,11.5,4.1,15.0,0.769,8.45,33.6,1.556,13.139,0.16,NORMAL
2025-12-22 21:39:45,CAMARA_03_VERDURAS,11.5,4.0,15.0,0.75,8.23,34.1,1.596,13.139,0.16,NORMAL
2025-12-22 22:39:45,CAMARA_01_CARNES,12.0,-18.5,15.0,0.764,3.49,44.2,5.164,18.046,0.289,NORMAL
2025-12-22 22:39:45,CAMARA_02_LACTEOS,12.0,4.3,15.0,0.737,7.9,35.1,1.656,13.081,0.164,NORMAL
2025-12-22 22:39:45,CAMARA_03_VERDURAS,12.0,4.0,15.0,0.727,7.79,35.3,1.68,13.081,0.164,NORMAL
2025-12-22 23:39:45,CAMARA_01_CARNES,12.8,-17.6,15.0,0.763,3.42,45.2,5.243,17.908,0.295,NORMAL
2025-12-22 23:39:45,CAMARA_02_LACTEOS,12.8,4.0,15.0,0.768,7.92,35.2,1.641,12.989,0.17,NORMAL
2025-12-22 23:39:45,CAMARA_03_VERDURAS,12.8,4.0,15.0,0.761,7.84,35.4,1.657,12.989,0.17,NORMAL
2025-12-23 00:39:45,CAMARA_01_CARNES,8.1,-18.3,15.0,0.742,3.81,40.5,4.908,18.713,0.263,NORMAL
2025-12-23 00:39:45,CAMARA_02_LACTEOS,8.1,3.9,15.0,0.754,9.92,29.7,1.363,13.526,0.135,NORMAL
2025-12-23 00:39:45,CAMARA_03_VERDURAS,8.1,4.0,15.0,0.745,9.81,29.9,1.379,13.526,0.135,NORMAL
2025-12-23 01:39:45,CAMARA_01_CARNES,10.3,-17.9,15.0,0.743,3.57,43.3,5.133,18.338,0.278,NORMAL
2025-12-23 01:39:45,CAMARA_02_LACTEOS,10.3,3.9,17.0,0.727,7.68,35.7,1.698,13.049,0.166,NORMAL
2025-12-23 01:39:45,CAMARA_03_VERDURAS,10.3,4.2,15.0,0.762,8.9,32.3,1.492,13.276,0.151,NORMAL
2025-12-23 02:39:45,CAMARA_01_CARNES,10.7,-17.9,16.6,0.731,3.31,46.6,5.428,17.986,0.292,NORMAL
2025-12-23 02:39:45,CAMARA_02_LACTEOS,10.7,4.1,15.0,0.737,8.42,33.4,1.571,13.23,0.154,NORMAL
2025-12-23 02:39:45,CAMARA_03_VERDURAS,10.7,4.0,15.0,0.752,8.59,33.0,1.539,13.23,0.154,NORMAL
2025-12-23 03:39:45,CAMARA_01_CARNES,13.4,-18.2,15.0,0.739,3.25,47.4,5.474,17.805,0.299,NORMAL
2025-12-23 03:39:45,CAMARA_02_LACTEOS,13.4,4.3,15.0,0.738,7.39,36.8,1.747,12.92,0.174,NORMAL
2025-12-23 03:39:45,CAMARA_03_VERDURAS,13.4,4.4,15.0,0.751,7.52,36.5,1.718,12.92,0.174,NORMAL
2025-12-23 04:39:45,CAMARA_01_CARNES,10.4,-18.0,16.5,0.753,3.46,44.7,5.227,18.067,0.288,NORMAL
2025-12-23 04:39:45,CAMARA_02_LACTEOS,10.4,4.3,15.0,0.767,8.9,32.3,1.49,13.264,0.152,NORMAL
2025-12-23 04:39:45,CAMARA_03_VERDURAS,10.4,4.2,17.0,0.732,7.7,35.7,1.693,13.041,0.166,NORMAL
2025-12-23 05:39:45,CAMARA_01_CARNES,11.9,-17.7,15.0,0.761,3.49,44.3,5.172,18.063,0.288,NORMAL
2025-12-23 05:39:45,CAMARA_02_LACTEOS,11.9,3.7,15.0,0.761,8.19,34.3,1.599,13.093,0.163,NORMAL
2025-12-23 05:39:45,CAMARA_03_VERDURAS,11.9,4.0,15.0,0.725,7.81,35.3,1.677,13.093,0.163,NORMAL
2025-12-23 06:39:45,CAMARA_01_CARNES,12.5,-17.6,15.0,0.765,3.45,44.7,5.201,17.96,0.293,NORMAL
2025-12-23 06:39:45,CAMARA_02_LACTEOS,12.5,3.6,15.0,0.747,7.81,35.4,1.667,13.024,0.167,NORMAL
2025-12-23 06:39:45,CAMARA_03_VERDURAS,12.5,3.7,17.9,0.733,6.7,39.6,1.894,12.685,0.189,NORMAL
2025-12-23 07:39:45,CAMARA_01_CARNES,12.6,-18.3,15.0,0.729,3.28,47.0,5.473,17.943,0.293,NORMAL
2025-12-23 07:39:45,CAMARA_02_LACTEOS,12.6,4.4,15.0,0.753,7.83,35.4,1.661,13.012,0.168,NORMAL
2025-12-23 07:39:45,CAMARA_03_VERDURAS,12.6,3.8,15.0,0.749,7.79,35.5,1.671,13.012,0.168,NORMAL
2025-12-23 08:39:45,CAMARA_01_CARNES,11.6,-17.5,15.0,0.727,3.37,45.9,5.38,18.115,0.286,NORMAL
2025-12-23 08:39:45,CAMARA_02_LACTEOS,11.6,3.7,15.0,0.743,8.12,34.4,1.617,13.127,0.161,NORMAL
2025-12-23 08:39:45,CAMARA_03_VERDURAS,11.6,3.5,15.0,0.737,8.05,34.6,1.631,13.127,0.161,NORMAL
2025-12-23 09:39:45,CAMARA_01_CARNES,9.8,-18.1,18.8,0.735,3.21,47.9,5.528,17.763,0.3,NORMAL
2025-12-23 09:39:45,CAMARA_02_LACTEOS,9.8,3.8,15.0,0.761,9.12,31.7,1.462,13.333,0.148,NORMAL
2025-12-23 09:39:45,CAMARA_03_VERDURAS,9.8,4.1,15.0,0.739,8.85,32.2,1.506,13.333,0.148,NORMAL
2025-12-23 10:39:45,CAMARA_01_CARNES,11.1,-18.3,15.0,0.768,3.61,42.8,5.042,18.201,0.283,NORMAL
2025-12-23 10:39:45,CAMARA_02_LACTEOS,11.1,4.5,15.0,0.729,8.17,34.1,1.614,13.184,0.157,NORMAL
2025-12-23 10:39:45,CAMARA_03_VERDURAS,11.1,3.8,15.0,0.752,8.42,33.5,1.565,13.184,0.157,NORMAL
2025-12-23 11:39:45,CAMARA_01_CARNES,11.2,-18.0,15.0,0.732,3.43,45.1,5.304,18.183,0.284,NORMAL
2025-12-23 11:39:45,CAMARA_02_LACTEOS,11.2,4.0,15.0,0.727,8.1,34.3,1.626,13.173,0.158,NORMAL
2025-12-23 11:39:45,CAMARA_03_VERDURAS,11.2,3.6,15.0,0.744,8.29,33.9,1.589,13.173,0.158,NORMAL
2025-12-23 12:39:45,CAMARA_01_CARNES,14.4,-17.7,15.0,0.759,3.25,47.4,5.432,17.632,0.305,NORMAL
2025-12-23 12:39:45,CAMARA_02_LACTEOS,14.4,4.4,15.0,0.733,7.01,38.3,1.826,12.805,0.181,NORMAL
2025-12-23 12:39:45,CAMARA_03_VERDURAS,14.4,4.2,15.0,0.76,7.27,37.5,1.761,12.805,0.181,NORMAL
2025-12-23 13:39:45,CAMARA_01_CARNES,15.3,-18.0,15.0,0.757,3.16,48.6,5.533,17.476,0.312,NORMAL
2025-12-23 13:39:45,CAMARA_02_LACTEOS,15.3,4.3,15.0,0.734,6.75,39.4,1.882,12.701,0.188,NORMAL
2025-12-23 13:39:45,CAMARA_03_VERDURAS,15.3,4.1,15.0,0.74,6.81,39.2,1.866,12.701,0.188,NORMAL
2025-12-23 14:39:45,CAMARA_01_CARNES,16.4,-17.7,15.0,0.749,3.03,50.5,5.703,17.284,0.319,NORMAL
2025-12-23 14:39:45,CAMARA_02_LACTEOS,16.4,4.3,22.2,0.735,4.88,49.6,2.403,11.732,0.25,ADVERTENCIA
2025-12-23 14:39:45,CAMARA_03_VERDURAS,16.4,4.1,15.0,0.722,6.33,41.2,1.987,12.573,0.196,NORMAL
2025-12-23 15:39:45,CAMARA_01_CARNES,13.5,-18.3,15.0,0.769,3.37,45.7,5.272,17.788,0.299,NORMAL
2025-12-23 15:39:45,CAMARA_02_LACTEOS,13.5,4.3,16.7,0.752,6.95,38.7,1.829,12.715,0.187,NORMAL
2025-12-23 15:39:45,CAMARA_03_VERDURAS,13.5,4.3,15.0,0.723,7.21,37.4,1.79,12.909,0.175,NORMAL
2025-12-23 16:39:45,CAMARA_01_CARNES,11.2,-17.9,15.0,0.751,3.52,43.9,5.167,18.183,0.284,NORMAL
2025-12-23 16:39:45,CAMARA_02_LACTEOS,11.2,3.5,15.0,0.757,8.44,33.5,1.561,13.173,0.158,NORMAL
2025-12-23 16:39:45,CAMARA_03_VERDURAS,11.2,3.7,15.0,0.724,8.07,34.4,1.633,13.173,0.158,NORMAL
2025-12-23 17:39:45,CAMARA_01_CARNES,14.7,-18.5,15.0,0.764,3.24,47.5,5.422,17.58,0.308,NORMAL
2025-12-23 17:39:45,CAMARA_02_LACTEOS,14.7,3.5,15.0,0.755,7.13,38.0,1.791,12.77,0.184,NORMAL
2025-12-23 17:39:45,CAMARA_03_VERDURAS,14.7,4.0,15.0,0.759,7.17,37.9,1.782,12.77,0.184,NORMAL
2025-12-23 18:39:45,CAMARA_01_CARNES,11.5,-18.5,15.0,0.735,3.41,45.3,5.315,18.132,0.286,NORMAL
2025-12-23 18:39:45,CAMARA_02_LACTEOS,11.5,3.6,17.1,0.738,7.32,37.1,1.763,12.894,0.176,NORMAL
2025-12-23 18:39:45,CAMARA_03_VERDURAS,11.5,3.8,15.0,0.76,8.34,33.8,1.576,13.139,0.16,NORMAL
2025-12-23 19:39:45,CAMARA_01_CARNES,12.4,-18.5,15.0,0.756,3.42,45.2,5.257,17.977,0.292,NORMAL
2025-12-23 19:39:45,CAMARA_02_LACTEOS,12.4,4.3,15.0,0.75,7.88,35.2,1.654,13.035,0.167,NORMAL
2025-12-23 19:39:45,CAMARA_03_VERDURAS,12.4,4.2,15.0,0.734,7.71,35.7,1.691,13.035,0.167,NORMAL
2025-12-23 20:39:45,CAMARA_01_CARNES,10.3,-18.3,15.0,0.766,3.68,42.0,4.98,18.338,0.278,NORMAL
2025-12-23 20:39:45,CAMARA_02_LACTEOS,10.3,3.8,15.0,0.763,8.91,32.2,1.49,13.276,0.151,NORMAL
2025-12-23 20:39:45,CAMARA_03_VERDURAS,10.3,3.6,15.0,0.766,8.94,32.2,1.485,13.276,0.151,NORMAL
2025-12-23 21:39:45,CAMARA_01_CARNES,12.8,-17.6,15.0,0.765,3.42,45.1,5.234,17.908,0.295,NORMAL
2025-12-23 21:39:45,CAMARA_02_LACTEOS,12.8,3.6,15.0,0.727,7.5,36.4,1.733,12.989,0.17,NORMAL
2025-12-23 21:39:45,CAMARA_03_VERDURAS,12.8,4.5,17.0,0.768,7.22,37.7,1.767,12.758,0.184,NORMAL
2025-12-23 22:39:45,CAMARA_01_CARNES,12.9,-17.6,15.0,0.733,3.27,47.2,5.474,17.891,0.295,NORMAL
2025-12-23 22:39:45,CAMARA_02_LACTEOS,12.9,4.3,15.0,0.746,7.65,36.0,1.697,12.978,0.17,NORMAL
2025-12-23 22:39:45,CAMARA_03_VERDURAS,12.9,4.2,15.0,0.767,7.87,35.4,1.65,12.978,0.17,NORMAL
2025-12-23 23:39:45,CAMARA_01_CARNES,13.1,-18.0,15.0,0.756,3.35,46.0,5.322,17.857,0.297,NORMAL
2025-12-23 23:39:45,CAMARA_02_LACTEOS,13.1,4.4,16.3,0.763,7.29,37.4,1.755,12.801,0.182,NORMAL
2025-12-23 23:39:45,CAMARA_03_VERDURAS,13.1,4.3,17.2,0.761,6.99,38.6,1.816,12.701,0.188,NORMAL
2025-12-24 00:39:45,CAMARA_01_CARNES,11.4,-18.2,15.0,0.746,3.47,44.5,5.226,18.149,0.285,NORMAL
2025-12-24 00:39:45,CAMARA_02_LACTEOS,11.4,4.4,15.0,0.739,8.16,34.2,1.612,13.15,0.159,NORMAL
2025-12-24 00:39:45,CAMARA_03_VERDURAS,11.4,4.4,16.7,0.731,7.44,36.6,1.741,12.959,0.172,NORMAL
2025-12-24 01:39:45,CAMARA_01_CARNES,7.7,-17.5,15.0,0.727,3.78,40.9,4.97,18.781,0.26,NORMAL
2025-12-24 01:39:45,CAMARA_02_LACTEOS,7.7,4.3,15.0,0.732,9.86,29.6,1.376,13.571,0.132,NORMAL
2025-12-24 01:39:45,CAMARA_03_VERDURAS,7.7,4.1,15.0,0.74,9.97,29.5,1.362,13.571,0.132,NORMAL
2025-12-24 02:39:45,CAMARA_01_CARNES,13.3,-18.3,15.0,0.75,3.31,46.6,5.388,17.822,0.298,NORMAL
2025-12-24 02:39:45,CAMARA_02_LACTEOS,13.3,4.0,17.5,0.724,6.52,40.3,1.94,12.644,0.192,NORMAL
2025-12-24 02:39:45,CAMARA_03_VERDURAS,13.3,4.1,17.9,0.735,6.51,40.4,1.937,12.601,0.194,NORMAL
2025-12-24 03:39:45,CAMARA_01_CARNES,12.6,-18.5,17.1,0.751,3.19,48.3,5.516,17.578,0.308,NORMAL
2025-12-24 03:39:45,CAMARA_02_LACTEOS,12.6,4.3,15.0,0.761,7.91,35.2,1.644,13.012,0.168,NORMAL
2025-12-24 03:39:45,CAMARA_03_VERDURAS,12.6,3.8,15.0,0.766,7.97,35.0,1.632,13.012,0.168,NORMAL
2025-12-24 04:39:45,CAMARA_01_CARNES,12.5,-18.3,15.0,0.751,3.39,45.6,5.303,17.96,0.293,NORMAL
2025-12-24 04:39:45,CAMARA_02_LACTEOS,12.5,3.6,15.0,0.722,7.55,36.2,1.726,13.024,0.167,NORMAL
2025-12-24 04:39:45,CAMARA_03_VERDURAS,12.5,3.8,15.0,0.72,7.53,36.2,1.729,13.024,0.167,NORMAL
2025-12-24 05:39:45,CAMARA_01_CARNES,9.5,-17.8,15.0,0.726,3.58,43.2,5.165,18.475,0.272,NORMAL
2025-12-24 05:39:45,CAMARA_02_LACTEOS,9.5,4.2,18.0,0.723,7.56,36.1,1.723,13.026,0.167,NORMAL
2025-12-24 05:39:45,CAMARA_03_VERDURAS,9.5,4.0,15.0,0.73,8.89,32.0,1.504,13.367,0.145,NORMAL
2025-12-24 06:39:45,CAMARA_01_CARNES,13.4,-17.5,15.0,0.766,3.37,45.8,5.281,17.805,0.299,NORMAL
2025-12-24 06:39:45,CAMARA_02_LACTEOS,13.4,4.5,15.0,0.756,7.58,36.3,1.705,12.92,0.174,NORMAL
2025-12-24 06:39:45,CAMARA_03_VERDURAS,13.4,4.3,18.0,0.752,6.6,40.2,1.905,12.577,0.196,NORMAL
2025-12-24 07:39:45,CAMARA_01_CARNES,12.4,-18.2,15.0,0.728,3.29,46.8,5.456,17.977,0.292,NORMAL
2025-12-24 07:39:45,CAMARA_02_LACTEOS,12.4,4.3,15.0,0.758,7.96,35.0,1.637,13.035,0.167,NORMAL
2025-12-24 07:39:45,CAMARA_03_VERDURAS,12.4,4.2,15.0,0.748,7.86,35.3,1.659,13.035,0.167,NORMAL
2025-12-24 08:39:45,CAMARA_01_CARNES,12.7,-18.3,15.0,0.748,3.36,46.0,5.343,17.926,0.294,NORMAL
2025-12-24 08:39:45,CAMARA_02_LACTEOS,12.7,4.1,15.0,0.734,7.6,36.0,1.71,13.001,0.169,NORMAL
2025-12-24 08:39:45,CAMARA_03_VERDURAS,12.7,4.2,22.6,0.721,5.4,46.2,2.245,12.114,0.226,ADVERTENCIA
2025-12-24 09:39:45,CAMARA_01_CARNES,13.7,-18.2,15.0,0.724,3.16,48.7,5.624,17.753,0.301,NORMAL
2025-12-24 09:39:45,CAMARA_02_LACTEOS,13.7,4.0,16.3,0.755,7.03,38.4,1.813,12.734,0.186,NORMAL
2025-12-24 09:39:45,CAMARA_03_VERDURAS,13.7,4.4,15.0,0.769,7.6,36.3,1.696,12.886,0.176,NORMAL
2025-12-24 10:39:45,CAMARA_01_CARNES,14.0,-18.3,15.0,0.72,3.11,49.3,5.683,17.701,0.303,NORMAL
2025-12-24 10:39:45,CAMARA_02_LACTEOS,14.0,4.0,15.0,0.744,7.25,37.4,1.774,12.851,0.178,NORMAL
2025-12-24 10:39:45,CAMARA_03_VERDURAS,14.0,3.5,16.5,0.738,6.74,39.4,1.882,12.682,0.189,NORMAL
2025-12-24 11:39:45,CAMARA_01_CARNES,12.3,-18.0,19.3,0.764,3.07,49.9,5.614,17.242,0.321,NORMAL
2025-12-24 11:39:45,CAMARA_02_LACTEOS,12.3,3.9,15.0,0.738,7.79,35.4,1.676,13.047,0.166,NORMAL
2025-12-24 11:39:45,CAMARA_03_VERDURAS,12.3,4.3,16.1,0.767,7.7,36.0,1.678,12.925,0.174,NORMAL
2025-12-24 12:39:45,CAMARA_01_CARNES,17.2,-17.8,15.0,0.75,2.97,51.4,5.772,17.145,0.325,NORMAL
2025-12-24 12:39:45,CAMARA_02_LACTEOS,17.2,4.2,15.0,0.751,6.37,41.2,1.959,12.48,0.202,NORMAL
2025-12-24 12:39:45,CAMARA_03_VERDURAS,17.2,3.9,15.0,0.722,6.12,42.2,2.039,12.48,0.202,NORMAL
2025-12-24 13:39:45,CAMARA_01_CARNES,13.7,-18.1,15.0,0.728,3.17,48.5,5.594,17.753,0.301,NORMAL
2025-12-24 13:39:45,CAMARA_02_LACTEOS,13.7,4.4,17.8,0.741,6.48,40.6,1.939,12.567,0.197,NORMAL
2025-12-24 13:39:45,CAMARA_03_VERDURAS,13.7,4.5,15.0,0.76,7.51,36.6,1.716,12.886,0.176,NORMAL
2025-12-24 14:39:45,CAMARA_01_CARNES,15.0,-18.2,15.0,0.724,3.05,50.3,5.752,17.528,0.31,NORMAL
2025-12-24 14:39:45,CAMARA_02_LACTEOS,15.0,4.1,15.0,0.763,7.11,38.1,1.791,12.736,0.186,NORMAL
2025-12-24 14:39:45,CAMARA_03_VERDURAS,15.0,3.9,15.0,0.721,6.72,39.4,1.895,12.736,0.186,NORMAL
2025-12-24 15:39:45,CAMARA_01_CARNES,15.0,-17.5,15.0,0.764,3.21,47.9,5.456,17.528,0.31,NORMAL
2025-12-24 15:39:45,CAMARA_02_LACTEOS,15.0,4.3,16.9,0.72,6.18,41.9,2.026,12.513,0.2,NORMAL
2025-12-24 15:39:45,CAMARA_03_VERDURAS,15.0,4.0,17.6,0.759,6.33,41.5,1.964,12.434,0.205,NORMAL
2025-12-24 16:39:45,CAMARA_01_CARNES,15.4,-18.4,15.0,0.762,3.17,48.5,5.509,17.458,0.312,NORMAL
2025-12-24 16:39:45,CAMARA_02_LACTEOS,15.4,4.4,17.0,0.727,6.12,42.2,2.036,12.459,0.204,NORMAL
2025-12-24 16:39:45,CAMARA_03_VERDURAS,15.4,3.7,15.0,0.737,6.75,39.4,1.881,12.689,0.189,NORMAL
2025-12-24 17:39:45,CAMARA_01_CARNES,15.2,-18.5,15.0,0.724,3.03,50.6,5.779,17.493,0.311,NORMAL
2025-12-24 17:39:45,CAMARA_02_LACTEOS,15.2,3.8,16.7,0.738,6.34,41.2,1.975,12.518,0.2,NORMAL
2025-12-24 17:39:45,CAMARA_03_VERDURAS,15.2,4.3,15.0,0.762,7.04,38.4,1.806,12.713,0.187,NORMAL
2025-12-24 18:39:45,CAMARA_01_CARNES,12.2,-17.7,15.0,0.748,3.4,45.4,5.291,18.012,0.291,NORMAL
2025-12-24 18:39:45,CAMARA_02_LACTEOS,12.2,4.0,17.0,0.725,7.0,38.2,1.832,12.828,0.18,NORMAL
2025-12-24 18:39:45,CAMARA_03_VERDURAS,12.2,4.0,15.0,0.767,8.13,34.5,1.605,13.058,0.165,NORMAL
2025-12-24 19:39:45,CAMARA_01_CARNES,15.1,-18.4,15.0,0.765,3.21,47.9,5.454,17.511,0.31,NORMAL
2025-12-24 19:39:45,CAMARA_02_LACTEOS,15.1,4.2,15.0,0.738,6.84,39.0,1.86,12.724,0.187,NORMAL
2025-12-24 19:39:45,CAMARA_03_VERDURAS,15.1,3.7,15.0,0.754,6.99,38.5,1.819,12.724,0.187,NORMAL
2025-12-24 20:39:45,CAMARA_01_CARNES,13.9,-17.6,15.0,0.759,3.29,46.8,5.385,17.718,0.302,NORMAL
2025-12-24 20:39:45,CAMARA_02_LACTEOS,13.9,3.8,15.0,0.74,7.25,37.4,1.775,12.863,0.178,NORMAL
2025-12-24 20:39:45,CAMARA_03_VERDURAS,13.9,4.2,15.0,0.751,7.35,37.1,1.75,12.863,0.178,NORMAL
2025-12-24 21:39:45,CAMARA_01_CARNES,11.3,-18.3,15.0,0.737,3.44,44.9,5.276,18.166,0.284,NORMAL
2025-12-24 21:39:45,CAMARA_02_LACTEOS,11.3,4.0,16.9,0.76,7.68,36.0,1.686,12.94,0.173,NORMAL
2025-12-24 21:39:45,CAMARA_03_VERDURAS,11.3,4.0,15.0,0.763,8.46,33.5,1.555,13.161,0.159,NORMAL
2025-12-24 22:39:45,CAMARA_01_CARNES,13.1,-17.6,15.0,0.76,3.37,45.8,5.297,17.857,0.297,NORMAL
2025-12-24 22:39:45,CAMARA_02_LACTEOS,13.1,3.8,15.0,0.748,7.6,36.2,1.704,12.955,0.172,NORMAL
2025-12-24 22:39:45,CAMARA_03_VERDURAS,13.1,4.1,16.6,0.766,7.24,37.6,1.765,12.773,0.183,NORMAL
2025-12-24 23:39:45,CAMARA_01_CARNES,13.1,-17.6,15.0,0.768,3.41,45.3,5.24,17.857,0.297,NORMAL
2025-12-24 23:39:45,CAMARA_02_LACTEOS,13.1,4.4,15.0,0.752,7.64,36.1,1.696,12.955,0.172,NORMAL
2025-12-24 23:39:45,CAMARA_03_VERDURAS,13.1,3.8,15.0,0.733,7.45,36.6,1.74,12.955,0.172,NORMAL
2025-12-25 00:39:45,CAMARA_01_CARNES,9.8,-17.7,16.6,0.721,3.36,46.0,5.404,18.156,0.285,NORMAL
2025-12-25 00:39:45,CAMARA_02_LACTEOS,9.8,3.6,15.0,0.769,9.21,31.5,1.448,13.333,0.148,NORMAL
2025-12-25 00:39:45,CAMARA_03_VERDURAS,9.8,3.8,15.0,0.746,8.94,32.0,1.492,13.333,0.148,NORMAL
2025-12-25 01:39:45,CAMARA_01_CARNES,10.3,-17.6,15.0,0.753,3.62,42.7,5.061,18.338,0.278,NORMAL
2025-12-25 01:39:45,CAMARA_02_LACTEOS,10.3,4.4,15.0,0.766,8.94,32.2,1.485,13.276,0.151,NORMAL
2025-12-25 01:39:45,CAMARA_03_VERDURAS,10.3,4.4,15.0,0.751,8.77,32.5,1.514,13.276,0.151,NORMAL
2025-12-25 02:39:45,CAMARA_01_CARNES,8.9,-17.6,15.0,0.768,3.85,40.1,4.823,18.577,0.268,NORMAL
2025-12-25 02:39:45,CAMARA_02_LACTEOS,8.9,3.7,15.0,0.77,9.69,30.3,1.387,13.435,0.141,NORMAL
2025-12-25 02:39:45,CAMARA_03_VERDURAS,8.9,4.2,15.0,0.72,9.07,31.5,1.482,13.435,0.141,NORMAL
2025-12-25 03:39:45,CAMARA_01_CARNES,6.4,-17.8,15.0,0.754,4.08,37.7,4.657,19.002,0.252,NORMAL
2025-12-25 03:39:45,CAMARA_02_LACTEOS,6.4,3.9,16.8,0.763,10.0,29.5,1.352,13.517,0.136,NORMAL
2025-12-25 03:39:45,CAMARA_03_VERDURAS,6.4,4.3,15.0,0.764,11.14,27.2,1.232,13.718,0.123,NORMAL
2025-12-25 04:39:45,CAMARA_01_CARNES,10.8,-17.6,15.0,0.729,3.46,44.7,5.28,18.252,0.281,NORMAL
2025-12-25 04:39:45,CAMARA_02_LACTEOS,10.8,4.2,15.0,0.729,8.29,33.7,1.594,13.219,0.155,NORMAL
2025-12-25 04:39:45,CAMARA_03_VERDURAS,10.8,3.7,15.0,0.768,8.74,32.7,1.513,13.219,0.155,NORMAL
2025-12-25 05:39:45,CAMARA_01_CARNES,10.6,-17.5,15.0,0.739,3.52,43.9,5.192,18.286,0.28,NORMAL
2025-12-25 05:39:45,CAMARA_02_LACTEOS,10.6,3.7,15.0,0.758,8.71,32.7,1.52,13.241,0.153,NORMAL
2025-12-25 05:39:45,CAMARA_03_VERDURAS,10.6,4.2,15.0,0.734,8.43,33.4,1.571,13.241,0.153,NORMAL
2025-12-25 06:39:45,CAMARA_01_CARNES,14.4,-18.5,15.0,0.768,3.29,46.9,5.367,17.632,0.305,NORMAL
2025-12-25 06:39:45,CAMARA_02_LACTEOS,14.4,4.4,15.0,0.742,7.1,38.0,1.804,12.805,0.181,NORMAL
2025-12-25 06:39:45,CAMARA_03_VERDURAS,14.4,4.5,15.0,0.721,6.9,38.6,1.856,12.805,0.181,NORMAL
2025-12-25 07:39:45,CAMARA_01_CARNES,12.2,-18.0,15.0,0.768,3.5,44.2,5.151,18.012,0.291,NORMAL
2025-12-25 07:39:45,CAMARA_02_LACTEOS,12.2,3.7,15.0,0.764,8.11,34.6,1.611,13.058,0.165,NORMAL
2025-12-25 07:39:45,CAMARA_03_VERDURAS,12.2,4.0,15.0,0.74,7.85,35.3,1.664,13.058,0.165,NORMAL
2025-12-25 08:39:45,CAMARA_01_CARNES,12.5,-18.1,15.0,0.762,3.44,44.9,5.223,17.96,0.293,NORMAL
2025-12-25 08:39:45,CAMARA_02_LACTEOS,12.5,4.2,15.0,0.729,7.62,36.0,1.71,13.024,0.167,NORMAL
2025-12-25 08:39:45,CAMARA_03_VERDURAS,12.5,4.2,15.0,0.757,7.91,35.2,1.646,13.024,0.167,NORMAL
2025-12-25 09:39:45,CAMARA_01_CARNES,15.8,-17.8,15.0,0.77,3.17,48.5,5.49,17.389,0.315,NORMAL
2025-12-25 09:39:45,CAMARA_02_LACTEOS,15.8,3.6,15.0,0.723,6.5,40.4,1.945,12.643,0.192,NORMAL
2025-12-25 09:39:45,CAMARA_03_VERDURAS,15.8,3.7,15.0,0.767,6.9,39.0,1.832,12.643,0.192,NORMAL
2025-12-25 10:39:45,CAMARA_01_CARNES,11.0,-18.5,15.0,0.762,3.59,43.1,5.078,18.218,0.282,NORMAL
2025-12-25 10:39:45,CAMARA_02_LACTEOS,11.0,3.7,16.7,0.757,7.83,35.5,1.661,12.996,0.169,NORMAL
2025-12-25 10:39:45,CAMARA_03_VERDURAS,11.0,3.6,20.9,0.763,6.54,40.5,1.912,12.511,0.2,ADVERTENCIA
2025-12-25 11:39:45,CAMARA_01_CARNES,14.3,-18.0,25.5,0.76,2.47,59.8,6.403,15.801,0.378,ALARMA
2025-12-25 11:39:45,CAMARA_02_LACTEOS,14.3,4.4,29.7,0.75,4.14,55.7,2.679,11.079,0.292,ALARMA
2025-12-25 11:39:45,CAMARA_03_VERDURAS,14.3,4.2,30.5,0.732,3.94,57.3,2.787,10.986,0.298,ALARMA
2025-12-25 12:39:45,CAMARA_01_CARNES,13.0,-18.5,25.5,0.749,2.51,59.1,6.382,16.034,0.368,ALARMA
2025-12-25 12:39:45,CAMARA_02_LACTEOS,13.0,3.6,25.5,0.74,4.93,49.4,2.382,11.74,0.249,ALARMA
2025-12-25 12:39:45,CAMARA_03_VERDURAS,13.0,3.6,25.5,0.766,5.1,48.4,2.302,11.74,0.249,ALARMA
2025-12-25 13:39:45,CAMARA_01_CARNES,11.8,-18.2,37.6,0.724,1.85,73.7,7.613,14.056,0.446,ALARMA
2025-12-25 13:39:45,CAMARA_02_LACTEOS,11.8,3.5,25.5,0.77,5.35,46.9,2.22,11.882,0.24,ALARMA
2025-12-25 13:39:45,CAMARA_03_VERDURAS,11.8,4.0,25.5,0.724,5.03,48.5,2.362,11.882,0.24,ALARMA
2025-12-25 14:39:45,CAMARA_01_CARNES,16.5,-18.5,25.5,0.727,2.23,64.8,6.906,15.406,0.393,ALARMA
2025-12-25 14:39:45,CAMARA_02_LACTEOS,16.5,3.7,25.5,0.755,4.45,53.1,2.543,11.321,0.276,ALARMA
2025-12-25 14:39:45,CAMARA_03_VERDURAS,16.5,4.5,25.5,0.75,4.42,53.3,2.56,11.321,0.276,ALARMA
2025-12-25 15:39:45,CAMARA_01_CARNES,15.8,-17.6,25.5,0.755,2.36,62.0,6.586,15.532,0.388,ALARMA
2025-12-25 15:39:45,CAMARA_02_LACTEOS,15.8,3.9,30.7,0.761,3.88,58.2,2.779,10.774,0.311,ALARMA
2025-12-25 15:39:45,CAMARA_03_VERDURAS,15.8,4.4,25.5,0.732,4.42,53.1,2.58,11.405,0.271,ALARMA
2025-12-25 16:39:45,CAMARA_01_CARNES,13.8,-18.4,25.5,0.724,2.38,61.7,6.674,15.891,0.374,ALARMA
2025-12-25 16:39:45,CAMARA_02_LACTEOS,13.8,3.9,25.5,0.722,4.67,51.1,2.493,11.644,0.256,ALARMA
2025-12-25 16:39:45,CAMARA_03_VERDURAS,13.8,4.0,25.5,0.738,4.78,50.4,2.438,11.644,0.256,ALARMA
2025-12-25 17:39:45,CAMARA_01_CARNES,16.0,-17.7,25.5,0.753,2.34,62.3,6.623,15.496,0.39,ALARMA
2025-12-25 17:39:45,CAMARA_02_LACTEOS,16.0,3.6,25.5,0.753,4.51,52.6,2.522,11.381,0.272,ALARMA
2025-12-25 17:39:45,CAMARA_03_VERDURAS,16.0,3.6,25.5,0.726,4.36,53.6,2.613,11.381,0.272,ALARMA
2025-12-25 18:39:45,CAMARA_01_CARNES,14.3,-17.7,25.5,0.732,2.37,61.8,6.654,15.801,0.378,ALARMA
2025-12-25 18:39:45,CAMARA_02_LACTEOS,14.3,4.4,25.5,0.727,4.62,51.5,2.506,11.585,0.259,ALARMA
2025-12-25 18:39:45,CAMARA_03_VERDURAS,14.3,3.9,29.2,0.765,4.29,54.5,2.599,11.136,0.288,ALARMA
2025-12-25 19:39:45,CAMARA_01_CARNES,9.4,-18.2,25.5,0.751,2.77,54.6,6.022,16.671,0.343,ALARMA
2025-12-25 19:39:45,CAMARA_02_LACTEOS,9.4,4.0,25.5,0.746,5.68,44.7,2.144,12.165,0.222,ALARMA
2025-12-25 19:39:45,CAMARA_03_VERDURAS,9.4,4.1,28.4,0.763,5.22,47.6,2.267,11.826,0.244,ALARMA
2025-12-25 20:39:45,CAMARA_01_CARNES,10.5,-17.7,38.6,0.756,1.94,71.0,7.268,14.104,0.444,ALARMA
2025-12-25 20:39:45,CAMARA_02_LACTEOS,10.5,4.3,28.6,0.733,4.78,50.4,2.444,11.669,0.254,ALARMA
2025-12-25 20:39:45,CAMARA_03_VERDURAS,10.5,3.5,25.5,0.724,5.28,46.9,2.279,12.035,0.231,ALARMA
2025-12-25 21:39:45,CAMARA_01_CARNES,13.8,-17.6,25.5,0.756,2.49,59.5,6.393,15.891,0.374,ALARMA
2025-12-25 21:39:45,CAMARA_02_LACTEOS,13.8,4.4,25.5,0.752,4.86,49.9,2.394,11.644,0.256,ALARMA
2025-12-25 21:39:45,CAMARA_03_VERDURAS,13.8,3.6,25.5,0.759,4.91,49.6,2.371,11.644,0.256,ALARMA
2025-12-25 22:39:45,CAMARA_01_CARNES,12.5,-18.0,25.5,0.721,2.45,60.4,6.581,16.123,0.365,ALARMA
2025-12-25 22:39:45,CAMARA_02_LACTEOS,12.5,3.8,25.5,0.729,4.94,49.2,2.389,11.799,0.246,ALARMA
2025-12-25 22:39:45,CAMARA_03_VERDURAS,12.5,4.1,25.5,0.737,5.0,48.9,2.361,11.799,0.246,ALARMA
2025-12-25 23:39:45,CAMARA_01_CARNES,14.7,-18.4,25.5,0.726,2.33,62.7,6.742,15.73,0.38,ALARMA
2025-12-25 23:39:45,CAMARA_02_LACTEOS,14.7,3.9,32.8,0.743,3.67,60.2,2.904,10.651,0.319,ALARMA
2025-12-25 23:39:45,CAMARA_03_VERDURAS,14.7,4.0,25.5,0.747,4.69,51.2,2.462,11.537,0.262,ALARMA
2025-12-26 00:39:45,CAMARA_01_CARNES,9.5,-18.1,25.5,0.758,2.78,54.3,5.98,16.654,0.344,ALARMA
2025-12-26 00:39:45,CAMARA_02_LACTEOS,9.5,4.3,32.4,0.757,4.48,52.8,2.53,11.334,0.275,ALARMA
2025-12-26 00:39:45,CAMARA_03_VERDURAS,9.5,3.6,25.5,0.767,5.82,44.1,2.09,12.153,0.223,ALARMA
2025-12-26 01:39:45,CAMARA_01_CARNES,11.1,-17.8,25.5,0.739,2.61,57.4,6.282,16.371,0.355,ALARMA
2025-12-26 01:39:45,CAMARA_02_LACTEOS,11.1,4.4,25.5,0.75,5.35,46.7,2.237,11.965,0.235,ALARMA
2025-12-26 01:39:45,CAMARA_03_VERDURAS,11.1,3.6,30.0,0.739,4.49,52.6,2.547,11.426,0.27,ALARMA
2025-12-26 02:39:45,CAMARA_01_CARNES,8.9,-18.0,38.4,0.738,1.99,70.2,7.277,14.447,0.431,ALARMA
2025-12-26 02:39:45,CAMARA_02_LACTEOS,8.9,4.5,25.5,0.746,5.79,44.1,2.112,12.223,0.219,ALARMA
2025-12-26 02:39:45,CAMARA_03_VERDURAS,8.9,4.3,25.5,0.768,5.96,43.4,2.051,12.223,0.219,ALARMA
2025-12-26 03:39:45,CAMARA_01_CARNES,11.9,-17.7,25.5,0.738,2.55,58.5,6.368,16.229,0.361,ALARMA
2025-12-26 03:39:45,CAMARA_02_LACTEOS,11.9,3.6,25.5,0.767,5.31,47.1,2.234,11.87,0.241,ALARMA
2025-12-26 03:39:45,CAMARA_03_VERDURAS,11.9,4.3,25.5,0.748,5.18,47.7,2.29,11.87,0.241,ALARMA
2025-12-26 04:39:45,CAMARA_01_CARNES,10.5,-18.5,25.5,0.737,2.64,56.9,6.245,16.477,0.351,ALARMA
2025-12-26 04:39:45,CAMARA_02_LACTEOS,10.5,4.5,25.5,0.729,5.32,46.7,2.263,12.035,0.231,ALARMA
2025-12-26 04:39:45,CAMARA_03_VERDURAS,10.5,3.8,25.5,0.726,5.29,46.8,2.273,12.035,0.231,ALARMA
2025-12-26 05:39:45,CAMARA_01_CARNES,11.0,-17.6,25.5,0.746,2.64,56.8,6.215,16.389,0.354,ALARMA
2025-12-26 05:39:45,CAMARA_02_LACTEOS,11.0,4.3,32.8,0.77,4.27,54.7,2.598,11.1,0.29,ALARMA
2025-12-26 05:39:45,CAMARA_03_VERDURAS,11.0,4.2,25.5,0.754,5.4,46.4,2.217,11.976,0.234,ALARMA
2025-12-26 06:39:45,CAMARA_01_CARNES,14.8,-18.5,25.5,0.735,2.36,62.1,6.668,15.712,0.381,ALARMA
2025-12-26 06:39:45,CAMARA_02_LACTEOS,14.8,4.5,31.0,0.739,3.84,58.3,2.824,10.855,0.306,ALARMA
2025-12-26 06:39:45,CAMARA_03_VERDURAS,14.8,3.9,28.8,0.757,4.23,55.0,2.632,11.124,0.289,ALARMA
2025-12-26 07:39:45,CAMARA_01_CARNES,12.6,-18.2,25.5,0.732,2.48,59.7,6.487,16.105,0.366,ALARMA
2025-12-26 07:39:45,CAMARA_02_LACTEOS,12.6,3.9,25.5,0.739,4.99,48.9,2.361,11.787,0.246,ALARMA
2025-12-26 07:39:45,CAMARA_03_VERDURAS,12.6,3.6,25.5,0.724,4.89,49.5,2.411,11.787,0.246,ALARMA
2025-12-26 08:39:45,CAMARA_01_CARNES,14.5,-17.5,25.5,0.759,2.45,60.2,6.435,15.765,0.379,ALARMA
2025-12-26 08:39:45,CAMARA_02_LACTEOS,14.5,4.4,25.5,0.731,4.61,51.6,2.506,11.561,0.261,ALARMA
2025-12-26 08:39:45,CAMARA_03_VERDURAS,14.5,3.7,25.5,0.769,4.85,50.1,2.382,11.561,0.261,ALARMA
2025-12-26 09:39:45,CAMARA_01_CARNES,12.0,-17.8,25.5,0.763,2.63,56.9,6.168,16.211,0.361,ALARMA
2025-12-26 09:39:45,CAMARA_02_LACTEOS,12.0,3.5,25.5,0.758,5.23,47.5,2.267,11.858,0.242,ALARMA
2025-12-26 09:39:45,CAMARA_03_VERDURAS,12.0,4.2,25.5,0.752,5.19,47.7,2.285,11.858,0.242,ALARMA
2025-12-26 10:39:45,CAMARA_01_CARNES,12.7,-18.4,25.5,0.744,2.52,59.0,6.393,16.087,0.366,ALARMA
2025-12-26 10:39:45,CAMARA_02_LACTEOS,12.7,4.0,25.5,0.736,4.95,49.1,2.377,11.775,0.247,ALARMA
2025-12-26 10:39:45,CAMARA_03_VERDURAS,12.7,4.1,25.5,0.724,4.87,49.6,2.416,11.775,0.247,ALARMA
